traffic_load,method,run,seed,slice,total_reward,throughput_percent,latency_ms,jitter_ms,plr_percent,queue_length,total_throughput_bits
low,D3QN,1,42,eMBB,296.6726774468704,0.41666666666666663,88.5,42.76973228814976,87.04061895551257,197,64000.0
low,D3QN,1,42,URLLC1,296.6726774468704,88.02333333333333,1.9466382070437567,2.6918058017302418,0.0,0,2248800.0
low,D3QN,1,42,URLLC2,296.6726774468704,90.4,1.2931726907630523,1.1983898058663578,0.4,0,597600.0
low,D3QN,1,42,BE1,296.6726774468704,8.756666666666666,100.34146341463415,100.92030416611104,47.26930320150659,198,984000.0
low,D3QN,2,43,eMBB,283.9269431323807,0.14666666666666667,115.33333333333333,26.637484032009397,87.26912928759894,190,48000.0
low,D3QN,2,43,URLLC1,283.9269431323807,88.5,1.6878850102669405,2.4912819331732803,0.0,0,2337600.0
low,D3QN,2,43,URLLC2,283.9269431323807,93.2,1.12,0.7222188034107115,0.0,0,600000.0
low,D3QN,2,43,BE1,283.9269431323807,9.166666666666666,152.1578947368421,79.26671376660786,43.84133611691023,193,912000.0
low,D3QN,3,44,eMBB,268.4312906085686,0.8,134.8181818181818,19.69687645665577,86.75016479894528,190,176000.0
low,D3QN,3,44,URLLC1,268.4312906085686,67.43714285714286,5.091891891891892,5.990008725273543,1.45681581685744,22,2220000.0
low,D3QN,3,44,URLLC2,268.4312906085686,79.4,1.424,1.1472680593479452,0.0,0,600000.0
low,D3QN,3,44,BE1,268.4312906085686,20.49,139.29957805907173,74.85766324603921,16.122840690978887,200,2844000.0
low,D3QN,4,45,eMBB,310.9858189227409,0.2666666666666666,93.6,59.314753645277825,86.32996632996634,198,80000.0
low,D3QN,4,45,URLLC1,310.9858189227409,91.27666666666667,1.4820909970958374,1.4223763855719052,0.0,0,2479200.0
low,D3QN,4,45,URLLC2,310.9858189227409,90.2,1.176,0.7382574076837971,0.0,0,600000.0
low,D3QN,4,45,BE1,310.9858189227409,10.629999999999999,108.40366972477064,72.44106991469916,39.8406374501992,193,1308000.0
low,D3QN,5,46,eMBB,315.9115468150147,0.16666666666666666,46.666666666666664,53.42492135906446,86.63940013633265,193,48000.0
low,D3QN,5,46,URLLC1,315.9115468150147,95.03333333333333,1.1610942249240122,0.6717531526628997,0.0,0,2368800.0
low,D3QN,5,46,URLLC2,315.9115468150147,95.6,1.064,0.38458289093510134,0.0,0,600000.0
low,D3QN,5,46,BE1,315.9115468150147,4.516666666666666,87.09302325581395,60.10371421928056,53.069306930693074,194,516000.0
low,D3QN,6,47,eMBB,302.4889006157381,0.38166666666666665,77.8,65.55425234109532,87.59305210918114,195,80000.0
low,D3QN,6,47,URLLC1,302.4889006157381,86.41095238095238,2.0910852713178296,2.3347389145106465,0.0,0,2476800.0
low,D3QN,6,47,URLLC2,302.4889006157381,89.0,1.36,1.2768711759609894,0.0,0,600000.0
low,D3QN,6,47,BE1,302.4889006157381,8.773333333333332,109.56701030927834,51.42683867809273,46.85185185185185,190,1164000.0
low,D3QN,7,48,eMBB,303.33464914915305,0.8066666666666666,119.0,49.32882862316247,86.48998060762767,200,144000.0
low,D3QN,7,48,URLLC1,303.33464914915305,85.30333333333333,1.834,1.8424016934425567,0.0,0,2400000.0
low,D3QN,7,48,URLLC2,303.33464914915305,87.0,1.244,0.8628232727505675,0.0,0,600000.0
low,D3QN,7,48,BE1,303.33464914915305,13.816666666666666,137.4,73.41825386101198,33.730158730158735,189,1740000.0
low,D3QN,8,49,eMBB,303.02687329316063,0.0,0.0,0.0,88.11282740094023,177,0.0
low,D3QN,8,49,URLLC1,303.02687329316063,96.50285714285712,1.0396659707724425,0.23408127416133245,0.0,0,2299200.0
low,D3QN,8,49,URLLC2,303.02687329316063,95.8,1.06,0.37999999999999995,0.0,0,600000.0
low,D3QN,8,49,BE1,303.02687329316063,9.116666666666665,42.28395061728395,30.836580236610533,44.53608247422681,188,972000.0
low,D3QN,9,50,eMBB,297.91396324462096,0.2,80.0,0.0,86.67117726657646,196,16000.0
low,D3QN,9,50,URLLC1,297.91396324462096,90.85380952380953,1.1787072243346008,0.5738296419745545,0.0,0,2524800.0
low,D3QN,9,50,URLLC2,297.91396324462096,98.4,1.0,0.0,0.0,0,600000.0
low,D3QN,9,50,BE1,297.91396324462096,7.466666666666666,125.02150537634408,85.20954291736024,42.17821782178218,199,1116000.0
low,D3QN,10,51,eMBB,292.41319852710905,0.64,149.75,1.479019945774904,86.02442333785618,198,128000.0
low,D3QN,10,51,URLLC1,292.41319852710905,91.87333333333335,1.354251012145749,1.0882200235173012,0.0,0,2371200.0
low,D3QN,10,51,URLLC2,292.41319852710905,93.6,1.104,0.5631909090175373,0.0,0,600000.0
low,D3QN,10,51,BE1,292.41319852710905,11.016666666666666,108.58064516129032,73.21985196764886,41.63346613545817,200,1116000.0
low,PPO,1,42,eMBB,254.39672797989925,0.0,0.0,0.0,87.29851708575113,197,0.0
low,PPO,1,42,URLLC1,254.39672797989925,99.49,1.0,0.0,0.0,0,2248800.0
low,PPO,1,42,URLLC2,254.39672797989925,96.0,1.1847389558232932,1.0632639149051715,0.4,0,597600.0
low,PPO,1,42,BE1,254.39672797989925,0.0,0.0,0.0,62.335216572504706,200,0.0
low,PPO,2,43,eMBB,259.8062923725177,0.0,0.0,0.0,87.46701846965699,190,0.0
low,PPO,2,43,URLLC1,259.8062923725177,99.48333333333333,1.0,0.0,0.0,0,2337600.0
low,PPO,2,43,URLLC2,259.8062923725177,96.0,1.172,0.8935412693323124,0.0,0,600000.0
low,PPO,2,43,BE1,259.8062923725177,0.2,0.0,0.0,59.707724425887264,193,0.0
low,PPO,3,44,eMBB,259.2972794159575,0.0,0.0,0.0,87.47528015820698,190,0.0
low,PPO,3,44,URLLC1,259.2972794159575,99.97142857142858,1.0,0.0,0.0,0,2306400.0
low,PPO,3,44,URLLC2,259.2972794159575,96.0,1.06,0.3352610922848042,0.0,0,600000.0
low,PPO,3,44,BE1,259.2972794159575,0.0,0.0,0.0,62.571976967370446,195,0.0
low,PPO,4,45,eMBB,259.9642238245245,0.0,0.0,0.0,86.66666666666667,198,0.0
low,PPO,4,45,URLLC1,259.9642238245245,99.61,1.0009680542110357,0.031098506106890637,0.0,0,2479200.0
low,PPO,4,45,URLLC2,259.9642238245245,98.0,1.064,0.4689392284720911,0.0,0,600000.0
low,PPO,4,45,BE1,259.9642238245245,0.0,0.0,0.0,61.55378486055777,193,0.0
low,PPO,5,46,eMBB,260.6872792868426,0.0,0.0,0.0,86.84389911383776,193,0.0
low,PPO,5,46,URLLC1,260.6872792868426,99.66142857142857,1.0,0.0,0.0,0,2368800.0
low,PPO,5,46,URLLC2,260.6872792868426,99.6,1.0,0.0,0.0,0,600000.0
low,PPO,5,46,BE1,260.6872792868426,0.6,0.0,0.0,61.98019801980198,192,0.0
low,PPO,6,47,eMBB,256.5794193994679,0.0,0.0,0.0,87.90322580645162,195,0.0
low,PPO,6,47,URLLC1,256.5794193994679,99.52,1.0,0.0,0.0,0,2476800.0
low,PPO,6,47,URLLC2,256.5794193994679,95.6,1.224,1.2156578465999386,0.0,0,600000.0
low,PPO,6,47,BE1,256.5794193994679,0.0,0.0,0.0,65.0,189,0.0
low,PPO,7,48,eMBB,260.3363129989048,0.0,0.0,0.0,87.07175177763413,200,0.0
low,PPO,7,48,URLLC1,260.3363129989048,99.77166666666668,1.0,0.0,0.0,0,2400000.0
low,PPO,7,48,URLLC2,260.3363129989048,96.6,1.12,0.7547184905645283,0.0,0,600000.0
low,PPO,7,48,BE1,260.3363129989048,0.2,0.0,0.0,62.698412698412696,188,0.0
low,PPO,8,49,eMBB,259.76263263030984,0.0,0.0,0.0,88.11282740094023,177,0.0
low,PPO,8,49,URLLC1,259.76263263030984,99.88333333333334,1.0,0.0,0.0,0,2299200.0
low,PPO,8,49,URLLC2,259.76263263030984,99.4,1.004,0.063118935352238,0.0,0,600000.0
low,PPO,8,49,BE1,259.76263263030984,0.0,0.0,0.0,61.03092783505155,189,0.0
low,PPO,9,50,eMBB,261.7056905856409,0.0,0.0,0.0,86.73883626522327,196,0.0
low,PPO,9,50,URLLC1,261.7056905856409,99.4447619047619,1.0,0.0,0.0,0,2524800.0
low,PPO,9,50,URLLC2,261.7056905856409,99.6,1.004,0.063118935352238,0.0,0,600000.0
low,PPO,9,50,BE1,261.7056905856409,0.0,0.0,0.0,60.59405940594059,199,0.0
low,PPO,10,51,eMBB,258.9370915194513,0.0,0.0,0.0,86.56716417910447,198,0.0
low,PPO,10,51,URLLC1,258.9370915194513,99.36333333333334,1.0,0.0,0.0,0,2371200.0
low,PPO,10,51,URLLC2,258.9370915194513,96.6,1.096,0.5502581212485645,0.0,0,600000.0
low,PPO,10,51,BE1,258.9370915194513,0.0,0.0,0.0,60.1593625498008,200,0.0
low,Baseline,1,42,eMBB,248.8634408403551,0.0,0.0,0.0,87.29851708575113,197,0.0
low,Baseline,1,42,URLLC1,248.8634408403551,84.34333333333333,2.386339381003202,2.213315950411663,0.0,0,2248800.0
low,Baseline,1,42,URLLC2,248.8634408403551,100.0,1.0,0.0,0.0,0,600000.0
low,Baseline,1,42,BE1,248.8634408403551,0.0,0.0,0.0,62.335216572504706,200,0.0
low,Baseline,2,43,eMBB,252.73137726041773,0.0,0.0,0.0,87.46701846965699,190,0.0
low,Baseline,2,43,URLLC1,252.73137726041773,83.96166666666667,2.5391752577319586,2.6896156434499914,0.0,4,2328000.0
low,Baseline,2,43,URLLC2,252.73137726041773,100.0,1.0,0.0,0.0,0,600000.0
low,Baseline,2,43,BE1,252.73137726041773,0.2,0.0,0.0,59.707724425887264,193,0.0
low,Baseline,3,44,eMBB,255.27843423182702,0.0,0.0,0.0,87.47528015820698,190,0.0
low,Baseline,3,44,URLLC1,255.27843423182702,88.32238095238095,1.1893860561914673,0.5216755780300226,0.0,0,2306400.0
low,Baseline,3,44,URLLC2,255.27843423182702,100.0,1.0,0.0,0.0,0,600000.0
low,Baseline,3,44,BE1,255.27843423182702,0.0,0.0,0.0,62.571976967370446,195,0.0
low,Baseline,4,45,eMBB,254.35581125970856,0.0,0.0,0.0,86.66666666666667,198,0.0
low,Baseline,4,45,URLLC1,254.35581125970856,87.8092857142857,1.3678606001936109,0.847645204645663,0.0,0,2479200.0
low,Baseline,4,45,URLLC2,254.35581125970856,100.0,1.0,0.0,0.0,0,600000.0
low,Baseline,4,45,BE1,254.35581125970856,0.0,0.0,0.0,61.55378486055777,193,0.0
low,Baseline,5,46,eMBB,250.74483158866192,0.0,0.0,0.0,86.84389911383776,193,0.0
low,Baseline,5,46,URLLC1,250.74483158866192,84.37285714285713,2.182370820668693,2.165674292013408,0.0,0,2368800.0
low,Baseline,5,46,URLLC2,250.74483158866192,100.0,1.0,0.0,0.0,0,600000.0
low,Baseline,5,46,BE1,250.74483158866192,0.6,0.0,0.0,61.98019801980198,192,0.0
low,Baseline,6,47,eMBB,247.35701347323098,0.0,0.0,0.0,87.90322580645162,195,0.0
low,Baseline,6,47,URLLC1,247.35701347323098,82.44142857142855,2.9223300970873787,2.483691741689162,0.0,2,2472000.0
low,Baseline,6,47,URLLC2,247.35701347323098,100.0,1.0,0.0,0.0,0,600000.0
low,Baseline,6,47,BE1,247.35701347323098,0.0,0.0,0.0,65.0,189,0.0
low,Baseline,7,48,eMBB,255.99783326802114,0.0,0.0,0.0,87.07175177763413,200,0.0
low,Baseline,7,48,URLLC1,255.99783326802114,88.83166666666666,1.491,1.1797961688359564,0.0,0,2400000.0
low,Baseline,7,48,URLLC2,255.99783326802114,100.0,1.0,0.0,0.0,0,600000.0
low,Baseline,7,48,BE1,255.99783326802114,0.2,0.0,0.0,62.698412698412696,188,0.0
low,Baseline,8,49,eMBB,255.38184939556305,0.0,0.0,0.0,88.11282740094023,177,0.0
low,Baseline,8,49,URLLC1,255.38184939556305,91.05428571428571,1.174321503131524,0.616312955112832,0.0,0,2299200.0
low,Baseline,8,49,URLLC2,255.38184939556305,100.0,1.0,0.0,0.0,0,600000.0
low,Baseline,8,49,BE1,255.38184939556305,0.0,0.0,0.0,61.03092783505155,189,0.0
low,Baseline,9,50,eMBB,253.87435162819133,0.0,0.0,0.0,86.73883626522327,196,0.0
low,Baseline,9,50,URLLC1,253.87435162819133,85.77619047619048,1.5751196172248805,1.1413720904462374,0.0,7,2508000.0
low,Baseline,9,50,URLLC2,253.87435162819133,100.0,1.0,0.0,0.0,0,600000.0
low,Baseline,9,50,BE1,253.87435162819133,0.0,0.0,0.0,60.59405940594059,199,0.0
low,Baseline,10,51,eMBB,254.55725911222444,0.0,0.0,0.0,86.56716417910447,198,0.0
low,Baseline,10,51,URLLC1,254.55725911222444,87.55904761904762,1.425531914893617,1.0457016743010161,0.0,1,2368800.0
low,Baseline,10,51,URLLC2,254.55725911222444,100.0,1.0,0.0,0.0,0,600000.0
low,Baseline,10,51,BE1,254.55725911222444,0.0,0.0,0.0,60.1593625498008,200,0.0
medium,D3QN,1,42,eMBB,328.73710261297083,0.04,2.0,0.0,93.19796954314721,200,16000.0
medium,D3QN,1,42,URLLC1,328.73710261297083,96.17971861471861,1.1439317953861585,0.5838393550795504,0.0,0,4785600.0
medium,D3QN,1,42,URLLC2,328.73710261297083,97.4,1.0961923847695392,0.4087783391071139,0.0,1,1197600.0
medium,D3QN,1,42,BE1,328.73710261297083,0.6838095238095238,30.916666666666668,37.51323840400286,85.9881031064111,200,144000.0
medium,D3QN,2,43,eMBB,194.55956896798506,2.1712698412698415,104.86046511627907,38.08044202605776,91.92691029900331,200,688000.0
medium,D3QN,2,43,URLLC1,194.55956896798506,31.647539682539684,15.436385255648037,6.786610463467782,55.08893280632411,68,2018400.0
medium,D3QN,2,43,URLLC2,194.55956896798506,86.8,1.194,0.8101629465730953,0.0,0,1200000.0
medium,D3QN,2,43,BE1,194.55956896798506,18.79357142857143,186.0301724137931,89.36265682293154,71.59763313609467,200,2784000.0
medium,D3QN,3,44,eMBB,183.6953245435809,1.2655772005772006,117.0,32.47985801186003,92.05432937181664,200,544000.0
medium,D3QN,3,44,URLLC1,183.6953245435809,32.60619047619048,16.453333333333333,6.901194743585265,58.79721669980119,79,1800000.0
medium,D3QN,3,44,URLLC2,183.6953245435809,87.8,1.4308617234468939,1.5406091041342442,0.2,0,1197600.0
medium,D3QN,3,44,BE1,183.6953245435809,19.265800865800866,188.0921052631579,85.92257494419934,70.70499657768652,200,2736000.0
medium,D3QN,4,45,eMBB,279.47134981350075,0.0,0.0,0.0,93.5064935064935,200,0.0
medium,D3QN,4,45,URLLC1,279.47134981350075,94.21960317460317,1.5247871807711568,1.843667590036159,0.0,0,4792800.0
medium,D3QN,4,45,URLLC2,279.47134981350075,96.6,1.142,0.49581851518473974,0.0,0,1200000.0
medium,D3QN,4,45,BE1,279.47134981350075,3.2166666666666663,48.523809523809526,26.502684585706277,83.3103448275862,200,504000.0
medium,D3QN,5,46,eMBB,284.4091693946062,0.0,0.0,0.0,93.3993399339934,200,0.0
medium,D3QN,5,46,URLLC1,284.4091693946062,95.19579365079363,1.0879839115133232,0.4275591718022683,0.0,0,4773600.0
medium,D3QN,5,46,URLLC2,284.4091693946062,98.0,1.026,0.23942430954270288,0.0,0,1200000.0
medium,D3QN,5,46,BE1,284.4091693946062,2.9804761904761903,38.78947368421053,22.455989582827215,83.87533875338752,200,456000.0
medium,D3QN,6,47,eMBB,173.6965632542186,1.2840476190476189,123.71875,26.517958979482188,92.662871600253,200,512000.0
medium,D3QN,6,47,URLLC1,173.6965632542186,31.368095238095236,16.405898876404493,7.433761356129639,60.99951004409603,84,1708800.0
medium,D3QN,6,47,URLLC2,173.6965632542186,89.4,1.188,0.795396756342393,0.0,0,1200000.0
medium,D3QN,6,47,BE1,173.6965632542186,18.544610389610387,191.390243902439,88.7017597415143,71.11398963730569,200,2952000.0
medium,D3QN,7,48,eMBB,156.49074113044628,2.4730108780108777,99.16949152542372,50.86111116123018,91.58817797986359,200,944000.0
medium,D3QN,7,48,URLLC1,156.49074113044628,31.63992063492063,17.248655913978496,5.458666614127067,58.675234799802276,92,1785600.0
medium,D3QN,7,48,URLLC2,156.49074113044628,80.6,1.8090349075975358,2.022075420698994,2.6,0,1168800.0
medium,D3QN,7,48,BE1,156.49074113044628,24.301190476190474,193.66333333333333,89.97545955549336,67.10526315789474,200,3600000.0
medium,D3QN,8,49,eMBB,319.5220193108202,0.09333333333333332,16.666666666666668,17.93197020841702,93.24009324009323,200,48000.0
medium,D3QN,8,49,URLLC1,319.5220193108202,94.33492063492062,1.226078334159643,0.9769044123400106,0.0,1,4840800.0
medium,D3QN,8,49,URLLC2,319.5220193108202,97.6,1.054,0.393807059357752,0.0,0,1200000.0
medium,D3QN,8,49,BE1,319.5220193108202,1.9299999999999997,34.958333333333336,14.698296859009059,84.78260869565217,200,288000.0
medium,D3QN,9,50,eMBB,319.7785970244143,0.05,3.0,1.0,93.30016583747927,200,32000.0
medium,D3QN,9,50,URLLC1,319.7785970244143,93.91182539682538,1.870162932790224,2.435511583643959,0.0,0,4713600.0
medium,D3QN,9,50,URLLC2,319.7785970244143,96.2,1.062124248496994,0.30714324106881286,0.0,1,1197600.0
medium,D3QN,9,50,BE1,319.7785970244143,2.827142857142857,60.794871794871796,55.032475021889084,84.6401028277635,200,468000.0
medium,D3QN,10,51,eMBB,254.72506603895653,0.025,92.0,0.0,93.4270765206017,200,16000.0
medium,D3QN,10,51,URLLC1,254.72506603895653,90.21291486291486,2.6347243688820194,4.50084539414515,1.3719512195121952,0,4658400.0
medium,D3QN,10,51,URLLC2,254.72506603895653,96.0,1.03,0.2389560629069704,0.0,0,1200000.0
medium,D3QN,10,51,BE1,254.72506603895653,4.733333333333333,42.310344827586206,23.39408037159867,83.40836012861736,200,696000.0
medium,PPO,1,42,eMBB,247.59235016589975,0.0,0.0,0.0,93.23181049069373,200,0.0
medium,PPO,1,42,URLLC1,247.59235016589975,97.29304473304474,1.0381143430290873,0.21608269286400697,0.0,0,4785600.0
medium,PPO,1,42,URLLC2,247.59235016589975,98.6,1.0761523046092185,0.3879606317053392,0.0,1,1197600.0
medium,PPO,1,42,BE1,247.59235016589975,0.0,0.0,0.0,86.78122934567085,200,0.0
medium,PPO,2,43,eMBB,245.26084570529608,0.0,0.0,0.0,93.35548172757476,200,0.0
medium,PPO,2,43,URLLC1,245.26084570529608,96.22352813852814,1.0336134453781514,0.2152310668044655,0.0,1,4855200.0
medium,PPO,2,43,URLLC2,245.26084570529608,96.4,1.6072144288577155,1.7754809831578973,0.0,1,1197600.0
medium,PPO,2,43,BE1,245.26084570529608,0.0,0.0,0.0,86.85075608152532,200,0.0
medium,PPO,3,44,eMBB,246.22554114216922,0.0,0.0,0.0,93.2088285229202,200,0.0
medium,PPO,3,44,URLLC1,246.22554114216922,96.01251082251083,1.408051689860835,1.0059439556262373,0.0,0,4828800.0
medium,PPO,3,44,URLLC2,246.22554114216922,98.0,1.126,0.5080590516859236,0.0,0,1200000.0
medium,PPO,3,44,BE1,246.22554114216922,0.0,0.0,0.0,86.3107460643395,200,0.0
medium,PPO,4,45,eMBB,247.13436497187746,0.0,0.0,0.0,93.5064935064935,200,0.0
medium,PPO,4,45,URLLC1,247.13436497187746,96.10142857142858,1.1036554832248373,0.39876079639973055,0.0,0,4792800.0
medium,PPO,4,45,URLLC2,247.13436497187746,99.2,1.044,0.27939935576160513,0.0,0,1200000.0
medium,PPO,4,45,BE1,247.13436497187746,0.0,0.0,0.0,86.20689655172413,200,0.0
medium,PPO,5,46,eMBB,248.57787646229522,0.0,0.0,0.0,93.3993399339934,200,0.0
medium,PPO,5,46,URLLC1,248.57787646229522,96.80484126984128,1.052870090634441,0.33990153221618796,0.0,3,4766400.0
medium,PPO,5,46,URLLC2,248.57787646229522,99.8,1.0,0.0,0.0,0,1200000.0
medium,PPO,5,46,BE1,248.57787646229522,0.0,0.0,0.0,86.44986449864498,200,0.0
medium,PPO,6,47,eMBB,248.10201427187613,0.0,0.0,0.0,93.67488931056293,200,0.0
medium,PPO,6,47,URLLC1,248.10201427187613,96.92309523809524,1.0166585007349338,0.1279882615250245,0.0,0,4898400.0
medium,PPO,6,47,URLLC2,248.10201427187613,98.6,1.098,0.6264151977722124,0.0,0,1200000.0
medium,PPO,6,47,BE1,248.10201427187613,0.0,0.0,0.0,87.04663212435233,200,0.0
medium,PPO,7,48,eMBB,245.11244866184964,0.0,0.0,0.0,93.5043845404352,200,0.0
medium,PPO,7,48,URLLC1,245.11244866184964,94.63265512265512,1.1557093425605536,0.695992183627447,0.0,0,4855200.0
medium,PPO,7,48,URLLC2,245.11244866184964,98.6,1.17,0.6790434448545984,0.0,0,1200000.0
medium,PPO,7,48,BE1,245.11244866184964,0.0,0.0,0.0,86.8421052631579,200,0.0
medium,PPO,8,49,eMBB,248.59163856611582,0.0,0.0,0.0,93.33999333999334,200,0.0
medium,PPO,8,49,URLLC1,248.59163856611582,96.73642857142856,1.0367063492063493,0.2571244083867944,0.0,2,4838400.0
medium,PPO,8,49,URLLC2,248.59163856611582,99.6,1.0,0.0,0.0,0,1200000.0
medium,PPO,8,49,BE1,248.59163856611582,0.0,0.0,0.0,86.41304347826086,200,0.0
medium,PPO,9,50,eMBB,246.00473284147475,0.0,0.0,0.0,93.36650082918739,200,0.0
medium,PPO,9,50,URLLC1,246.00473284147475,96.97714285714285,1.0376782077393076,0.2224788745174781,0.0,0,4713600.0
medium,PPO,9,50,URLLC2,246.00473284147475,98.0,1.2665330661322645,0.9965381985509436,0.0,1,1197600.0
medium,PPO,9,50,BE1,246.00473284147475,0.0,0.0,0.0,87.146529562982,200,0.0
medium,PPO,10,51,eMBB,248.24736023530556,0.0,0.0,0.0,93.4597776324395,200,0.0
medium,PPO,10,51,URLLC1,248.24736023530556,98.10917027417028,1.0035569105691058,0.05953367917665659,0.0,0,4723200.0
medium,PPO,10,51,URLLC2,248.24736023530556,99.2,1.008,0.08908422980528034,0.0,0,1200000.0
medium,PPO,10,51,BE1,248.24736023530556,0.0,0.0,0.0,87.13826366559485,200,0.0
medium,Baseline,1,42,eMBB,169.05808601781376,0.0,0.0,0.0,93.23181049069373,200,0.0
medium,Baseline,1,42,URLLC1,169.05808601781376,68.92955988455988,19.540441176470587,3.537381855779584,28.13440320962889,73,3264000.0
medium,Baseline,1,42,URLLC2,169.05808601781376,100.0,1.0,0.0,0.0,0,1200000.0
medium,Baseline,1,42,BE1,169.05808601781376,0.0,0.0,0.0,86.78122934567085,200,0.0
medium,Baseline,2,43,eMBB,166.71568221116218,0.0,0.0,0.0,93.35548172757476,200,0.0
medium,Baseline,2,43,URLLC1,166.71568221116218,65.35953823953824,19.623447204968944,3.9328971563268396,32.75691699604743,73,3091200.0
medium,Baseline,2,43,URLLC2,166.71568221116218,100.0,1.0,0.0,0.0,0,1200000.0
medium,Baseline,2,43,BE1,166.71568221116218,0.0,0.0,0.0,86.85075608152532,200,0.0
medium,Baseline,3,44,eMBB,167.90559053752895,0.0,0.0,0.0,93.2088285229202,200,0.0
medium,Baseline,3,44,URLLC1,167.90559053752895,65.00160894660895,19.77211155378486,3.4967057809076594,33.64811133200795,80,3012000.0
medium,Baseline,3,44,URLLC2,167.90559053752895,100.0,1.0,0.0,0.0,0,1200000.0
medium,Baseline,3,44,BE1,167.90559053752895,0.0,0.0,0.0,86.3107460643395,200,0.0
medium,Baseline,4,45,eMBB,166.49216697224745,0.0,0.0,0.0,93.5064935064935,200,0.0
medium,Baseline,4,45,URLLC1,166.49216697224745,65.46468253968253,19.719745222929937,3.8311651865563037,32.49874812218327,92,3014400.0
medium,Baseline,4,45,URLLC2,166.49216697224745,100.0,1.0,0.0,0.0,0,1200000.0
medium,Baseline,4,45,BE1,166.49216697224745,0.0,0.0,0.0,86.20689655172413,200,0.0
medium,Baseline,5,46,eMBB,172.6532784364369,0.0,0.0,0.0,93.3993399339934,200,0.0
medium,Baseline,5,46,URLLC1,172.6532784364369,68.70452380952382,19.29332333083271,3.8982088119056186,28.00402212166918,99,3199200.0
medium,Baseline,5,46,URLLC2,172.6532784364369,100.0,1.0,0.0,0.0,0,1200000.0
medium,Baseline,5,46,BE1,172.6532784364369,0.0,0.0,0.0,86.44986449864498,200,0.0
medium,Baseline,6,47,eMBB,168.52654308795036,0.0,0.0,0.0,93.67488931056293,200,0.0
medium,Baseline,6,47,URLLC1,168.52654308795036,68.64619047619047,19.737193763919823,3.7759217021985627,29.887310142087216,84,3232800.0
medium,Baseline,6,47,URLLC2,168.52654308795036,100.0,1.0,0.0,0.0,0,1200000.0
medium,Baseline,6,47,BE1,168.52654308795036,0.0,0.0,0.0,87.04663212435233,200,0.0
medium,Baseline,7,48,eMBB,171.1027217222042,0.0,0.0,0.0,93.5043845404352,200,0.0
medium,Baseline,7,48,URLLC1,171.1027217222042,65.30834776334777,18.051123160340822,6.123858806817683,32.13049925852694,82,3098400.0
medium,Baseline,7,48,URLLC2,171.1027217222042,100.0,1.0,0.0,0.0,0,1200000.0
medium,Baseline,7,48,BE1,171.1027217222042,0.0,0.0,0.0,86.8421052631579,200,0.0
medium,Baseline,8,49,eMBB,169.81575932191623,0.0,0.0,0.0,93.33999333999334,200,0.0
medium,Baseline,8,49,URLLC1,169.81575932191623,67.59158730158731,19.41215226939971,3.852416316177901,28.295341922695737,81,3278400.0
medium,Baseline,8,49,URLLC2,169.81575932191623,100.0,1.0,0.0,0.0,0,1200000.0
medium,Baseline,8,49,BE1,169.81575932191623,0.0,0.0,0.0,86.41304347826086,200,0.0
medium,Baseline,9,50,eMBB,168.3274425241079,0.0,0.0,0.0,93.36650082918739,200,0.0
medium,Baseline,9,50,URLLC1,168.3274425241079,67.72626984126984,19.358461538461537,4.277396487357604,29.786150712830956,79,3120000.0
medium,Baseline,9,50,URLLC2,168.3274425241079,100.0,1.0,0.0,0.0,0,1200000.0
medium,Baseline,9,50,BE1,168.3274425241079,0.0,0.0,0.0,87.146529562982,200,0.0
medium,Baseline,10,51,eMBB,171.96308526179854,0.0,0.0,0.0,93.4597776324395,200,0.0
medium,Baseline,10,51,URLLC1,171.96308526179854,70.44787157287158,18.77309090909091,4.407696109276992,26.067073170731707,80,3300000.0
medium,Baseline,10,51,URLLC2,171.96308526179854,100.0,1.0,0.0,0.0,0,1200000.0
medium,Baseline,10,51,BE1,171.96308526179854,0.0,0.0,0.0,87.13826366559485,200,0.0
high,D3QN,1,42,eMBB,172.07534234417523,0.13580086580086578,113.375,52.25403692538979,95.78007709474538,200,128000.0
high,D3QN,1,42,URLLC1,172.07534234417523,26.50643745143745,18.28487690504103,6.124899206010865,71.36678200692042,140,2047200.0
high,D3QN,1,42,URLLC2,172.07534234417523,88.4,1.068,0.34550832117331126,0.0,0,1200000.0
high,D3QN,1,42,BE1,172.07534234417523,6.575971250971252,195.66666666666666,93.26644428533571,87.88487282463187,200,1944000.0
high,D3QN,2,43,eMBB,158.72684335056198,0.34698135198135194,113.4,23.725654188381544,95.66094853683148,200,240000.0
high,D3QN,2,43,URLLC1,158.72684335056198,23.545967920967925,18.1430412371134,6.181857645299924,73.16312056737588,170,1862400.0
high,D3QN,2,43,URLLC2,158.72684335056198,86.4,1.124,0.4523538437992983,0.0,0,1200000.0
high,D3QN,2,43,BE1,158.72684335056198,9.003097458097457,208.04205607476635,79.59308373816238,85.75851393188854,200,2568000.0
high,D3QN,3,44,eMBB,167.70085953107278,0.7014135864135863,111.6875,38.087430259207565,95.41592570638214,200,512000.0
high,D3QN,3,44,URLLC1,167.70085953107278,27.39466255966256,19.54515050167224,4.45370355631566,70.45004245683555,147,2152800.0
high,D3QN,3,44,URLLC2,167.70085953107278,87.4,1.108,0.41992380261185475,0.0,0,1200000.0
high,D3QN,3,44,BE1,167.70085953107278,5.281517371517371,215.09558823529412,75.01978941629831,88.70208473436449,200,1632000.0
high,D3QN,4,45,eMBB,155.8855274175494,0.37173104673104673,120.0625,16.471447834055148,95.72615749901068,200,256000.0
high,D3QN,4,45,URLLC1,155.8855274175494,24.24740775564305,20.112987012987013,3.2126313465230503,73.79925222893299,141,1848000.0
high,D3QN,4,45,URLLC2,155.8855274175494,89.2,1.0646464646464646,0.35371424045639255,0.0,5,1188000.0
high,D3QN,4,45,BE1,155.8855274175494,7.429396159396158,205.67391304347825,79.82182722839283,87.1313672922252,200,2208000.0
high,D3QN,5,46,eMBB,171.93793984533573,0.7309518259518258,101.375,45.81944865447423,95.25368248772504,200,512000.0
high,D3QN,5,46,URLLC1,171.93793984533573,31.8420868020868,18.759771210676835,5.240767663760728,65.11967308814944,146,2517600.0
high,D3QN,5,46,URLLC2,171.93793984533573,86.6,1.112,0.4934126062434968,0.0,0,1200000.0
high,D3QN,5,46,BE1,171.93793984533573,6.149797979797979,202.31645569620252,94.57875217046086,88.21593153390388,200,1896000.0
high,D3QN,6,47,eMBB,155.93664538036785,0.3109335925512396,125.0,33.704599092705436,95.73757611471224,200,272000.0
high,D3QN,6,47,URLLC1,155.93664538036785,22.257503052503054,19.75068870523416,4.345586826889749,76.13134657836645,139,1742400.0
high,D3QN,6,47,URLLC2,155.93664538036785,88.0,1.194,0.6959626426755964,0.0,0,1200000.0
high,D3QN,6,47,BE1,155.93664538036785,7.951187701187701,213.828125,65.09757612475066,87.48403575989782,200,2304000.0
high,D3QN,7,48,eMBB,173.28361466038965,0.4176884226884227,105.61904761904762,47.419582242417015,95.63241106719367,200,336000.0
high,D3QN,7,48,URLLC1,173.28361466038965,26.377505272505275,18.557093425605537,5.862114584309672,71.46868857062623,149,2080800.0
high,D3QN,7,48,URLLC2,173.28361466038965,88.4,1.13,0.6878226515607058,0.0,0,1200000.0
high,D3QN,7,48,BE1,173.28361466038965,7.576139971139971,179.85555555555555,96.98826516773518,87.64629388816645,200,2160000.0
high,D3QN,8,49,eMBB,147.9638909737497,0.5868398268398268,82.96153846153847,54.59253313921432,95.43618739903069,200,416000.0
high,D3QN,8,49,URLLC1,147.9638909737497,27.464913142413142,19.656216216216215,4.081954587026643,68.54160626268484,160,2220000.0
high,D3QN,8,49,URLLC2,147.9638909737497,86.6,1.1898989898989898,0.9950884382294719,1.0,0,1188000.0
high,D3QN,8,49,BE1,147.9638909737497,7.265649350649351,188.51162790697674,96.62174440931376,87.5251509054326,200,2064000.0
high,D3QN,9,50,eMBB,175.67493900368225,0.32385142635142633,89.92857142857143,48.07652276128471,95.67851373182552,200,224000.0
high,D3QN,9,50,URLLC1,175.67493900368225,25.026666111666113,17.74909090909091,6.861138859277008,72.37365133446905,148,1980000.0
high,D3QN,9,50,URLLC2,175.67493900368225,87.8,1.084,0.3646148653031031,0.0,0,1200000.0
high,D3QN,9,50,BE1,175.67493900368225,7.256291486291486,198.56571428571428,87.36494865254156,87.62784559551304,200,2100000.0
high,D3QN,10,51,eMBB,170.06284470204642,0.4446756021756022,104.27272727272727,48.24387084780993,95.64449676280165,200,352000.0
high,D3QN,10,51,URLLC1,170.06284470204642,27.504848484848484,19.699331848552337,3.789979109060476,70.32016152293049,131,2155200.0
high,D3QN,10,51,URLLC2,170.06284470204642,89.2,1.118,0.5138832552243748,0.0,0,1200000.0
high,D3QN,10,51,BE1,170.06284470204642,5.252034077034077,196.37037037037038,91.87041927029539,88.92195767195767,200,1620000.0
high,PPO,1,42,eMBB,206.36621922423404,0.0,0.0,0.0,95.94238182187055,200,0.0
high,PPO,1,42,URLLC1,206.36621922423404,84.64971472971473,12.40952080706179,7.04585575902115,5.074971164936563,120,7612800.0
high,PPO,1,42,URLLC2,206.36621922423404,99.6,1.0,0.0,0.0,0,1200000.0
high,PPO,1,42,BE1,206.36621922423404,0.0,0.0,0.0,93.3065595716198,200,0.0
high,PPO,2,43,eMBB,194.98368201020648,0.0,0.0,0.0,95.96367305751767,200,0.0
high,PPO,2,43,URLLC1,194.98368201020648,83.483006993007,14.606609469335876,6.54604047195815,5.929078014184396,169,7552800.0
high,PPO,2,43,URLLC2,194.98368201020648,96.4,1.2931726907630523,0.842158237080371,0.0,2,1195200.0
high,PPO,2,43,BE1,194.98368201020648,0.0,0.0,0.0,93.12005503955967,200,0.0
high,PPO,3,44,eMBB,190.26303055004755,0.0,0.0,0.0,96.04821181584667,200,0.0
high,PPO,3,44,URLLC1,190.26303055004755,83.07615273615272,15.33239612621056,6.123592494827619,5.349561279365978,143,7682400.0
high,PPO,3,44,URLLC2,190.26303055004755,98.8,1.068,0.4235280392134622,0.0,0,1200000.0
high,PPO,3,44,BE1,190.26303055004755,0.0,0.0,0.0,93.27505043712172,200,0.0
high,PPO,4,45,eMBB,200.24088179636738,0.0,0.0,0.0,96.04273842500989,200,0.0
high,PPO,4,45,URLLC1,200.24088179636738,85.34195662180957,12.208359133126935,7.6954969403508375,3.0486051193557664,141,7752000.0
high,PPO,4,45,URLLC2,200.24088179636738,97.8,1.696,1.8962025208294604,0.0,0,1200000.0
high,PPO,4,45,BE1,200.24088179636738,0.0,0.0,0.0,93.2975871313673,200,0.0
high,PPO,5,46,eMBB,207.20810600832164,0.0,0.0,0.0,95.90834697217676,200,0.0
high,PPO,5,46,URLLC1,207.20810600832164,84.91687035187034,9.397886229406279,6.123399618402522,3.7653239929947455,80,7720800.0
high,PPO,5,46,URLLC2,207.20810600832164,98.0,1.066,0.36006110592509155,0.0,0,1200000.0
high,PPO,5,46,BE1,207.20810600832164,0.0,0.0,0.0,93.4167215273206,200,0.0
high,PPO,6,47,eMBB,173.70234862387966,0.0,0.0,0.0,96.07149872323708,200,0.0
high,PPO,6,47,URLLC1,173.70234862387966,81.47423132423133,17.820797907128842,5.707951072473468,11.920529801324504,134,7339200.0
high,PPO,6,47,URLLC2,173.70234862387966,96.8,1.334,0.9156658779270963,0.0,0,1200000.0
high,PPO,6,47,BE1,173.70234862387966,0.0,0.0,0.0,93.61430395913155,200,0.0
high,PPO,7,48,eMBB,179.70150830674345,0.0,0.0,0.0,96.04743083003953,200,0.0
high,PPO,7,48,URLLC1,179.70150830674345,80.72699245199244,15.240223463687151,6.712865910389719,12.299915754001685,80,7303200.0
high,PPO,7,48,URLLC2,179.70150830674345,95.2,1.79,1.9261100695443134,0.0,0,1200000.0
high,PPO,7,48,BE1,179.70150830674345,0.0,0.0,0.0,93.49804941482445,200,0.0
high,PPO,8,49,eMBB,200.20345228145845,0.0,0.0,0.0,95.96122778675283,200,0.0
high,PPO,8,49,URLLC1,200.20345228145845,85.28250750883105,12.196127420362274,7.523580087492976,2.9863728616990435,144,7684800.0
high,PPO,8,49,URLLC2,200.20345228145845,98.8,1.036,0.18629009635512025,0.0,0,1200000.0
high,PPO,8,49,BE1,200.20345228145845,0.0,0.0,0.0,93.29309188464117,200,0.0
high,PPO,9,50,eMBB,185.81761684619474,0.0,0.0,0.0,95.96122778675283,200,0.0
high,PPO,9,50,URLLC1,185.81761684619474,83.01586025086024,15.791614518147684,6.113476753788582,5.053946621237933,148,7670400.0
high,PPO,9,50,URLLC2,185.81761684619474,97.4,1.322,1.2175040041001919,0.0,0,1200000.0
high,PPO,9,50,BE1,185.81761684619474,0.0,0.0,0.0,93.40151765094028,200,0.0
high,PPO,10,51,eMBB,194.191034510508,0.0,0.0,0.0,96.07612320973121,200,0.0
high,PPO,10,51,URLLC1,194.191034510508,85.34746475746476,12.550534351145037,6.038613322568934,2.97086818575137,89,7860000.0
high,PPO,10,51,URLLC2,194.191034510508,98.2,1.076,0.34383717076546566,0.0,0,1200000.0
high,PPO,10,51,BE1,194.191034510508,0.0,0.0,0.0,93.38624338624338,200,0.0
high,Baseline,1,42,eMBB,151.0313618864916,0.0,0.0,0.0,95.94238182187055,200,0.0
high,Baseline,1,42,URLLC1,151.0313618864916,43.56120102120102,20.16400911161731,3.1941211697419476,57.98731257208766,140,3160800.0
high,Baseline,1,42,URLLC2,151.0313618864916,100.0,1.0,0.0,0.0,0,1200000.0
high,Baseline,1,42,BE1,151.0313618864916,0.0,0.0,0.0,93.3065595716198,200,0.0
high,Baseline,2,43,eMBB,150.1758809091535,0.0,0.0,0.0,95.96367305751767,200,0.0
high,Baseline,2,43,URLLC1,150.1758809091535,42.20603757353757,20.315953307392995,3.01381035982348,58.723404255319146,170,3084000.0
high,Baseline,2,43,URLLC2,150.1758809091535,100.0,1.0,0.0,0.0,0,1200000.0
high,Baseline,2,43,BE1,150.1758809091535,0.0,0.0,0.0,93.12005503955967,200,0.0
high,Baseline,3,44,eMBB,149.27548767301823,0.0,0.0,0.0,96.04821181584667,200,0.0
high,Baseline,3,44,URLLC1,149.27548767301823,41.26870573870574,20.444875776397517,2.799745743242504,59.38296065666573,147,3091200.0
high,Baseline,3,44,URLLC2,149.27548767301823,100.0,1.0,0.0,0.0,0,1200000.0
high,Baseline,3,44,BE1,149.27548767301823,0.0,0.0,0.0,93.27505043712172,200,0.0
high,Baseline,4,45,eMBB,150.28484750729396,0.0,0.0,0.0,96.04273842500989,200,0.0
high,Baseline,4,45,URLLC1,150.28484750729396,45.07768794930559,20.547337278106507,2.401455798329887,57.06068449813058,141,3244800.0
high,Baseline,4,45,URLLC2,150.28484750729396,100.0,1.0,0.0,0.0,0,1200000.0
high,Baseline,4,45,BE1,150.28484750729396,0.0,0.0,0.0,93.2975871313673,200,0.0
high,Baseline,5,46,eMBB,151.83124934130396,0.0,0.0,0.0,95.90834697217676,200,0.0
high,Baseline,5,46,URLLC1,151.83124934130396,45.40638000888001,20.093610698365527,3.4055069740606734,56.45067133683595,146,3230400.0
high,Baseline,5,46,URLLC2,151.83124934130396,100.0,1.0,0.0,0.0,0,1200000.0
high,Baseline,5,46,BE1,151.83124934130396,0.0,0.0,0.0,93.4167215273206,200,0.0
high,Baseline,6,47,eMBB,147.88139569603422,0.0,0.0,0.0,96.07149872323708,200,0.0
high,Baseline,6,47,URLLC1,147.88139569603422,38.77665334665334,20.361426256077795,3.0084704688974364,62.11368653421634,139,2961600.0
high,Baseline,6,47,URLLC2,147.88139569603422,100.0,1.0,0.0,0.0,0,1200000.0
high,Baseline,6,47,BE1,147.88139569603422,0.0,0.0,0.0,93.61430395913155,200,0.0
high,Baseline,7,48,eMBB,149.68884670977698,0.0,0.0,0.0,96.04743083003953,200,0.0
high,Baseline,7,48,URLLC1,149.68884670977698,41.31140054390054,20.08573717948718,3.4726294858953772,60.76944678461107,149,2995200.0
high,Baseline,7,48,URLLC2,149.68884670977698,100.0,1.0,0.0,0.0,0,1200000.0
high,Baseline,7,48,BE1,149.68884670977698,0.0,0.0,0.0,93.49804941482445,200,0.0
high,Baseline,8,49,eMBB,151.54214030781557,0.0,0.0,0.0,95.96122778675283,200,0.0
high,Baseline,8,49,URLLC1,151.54214030781557,44.39592709578003,20.001494768310913,3.7420565605412115,56.567120904610036,160,3211200.0
high,Baseline,8,49,URLLC2,151.54214030781557,100.0,1.0,0.0,0.0,0,1200000.0
high,Baseline,8,49,BE1,151.54214030781557,0.0,0.0,0.0,93.29309188464117,200,0.0
high,Baseline,9,50,eMBB,150.8273223517858,0.0,0.0,0.0,95.96122778675283,200,0.0
high,Baseline,9,50,URLLC1,150.8273223517858,42.87241147741147,20.295157571099153,3.0409275220290284,58.85860306643952,148,3122400.0
high,Baseline,9,50,URLLC2,150.8273223517858,100.0,1.0,0.0,0.0,0,1200000.0
high,Baseline,9,50,BE1,150.8273223517858,0.0,0.0,0.0,93.40151765094028,200,0.0
high,Baseline,10,51,eMBB,150.66999077428545,0.0,0.0,0.0,96.07612320973121,200,0.0
high,Baseline,10,51,URLLC1,150.66999077428545,44.11892551892552,20.261640798226164,2.969091723000819,57.196423420824914,131,3247200.0
high,Baseline,10,51,URLLC2,150.66999077428545,100.0,1.0,0.0,0.0,0,1200000.0
high,Baseline,10,51,BE1,150.66999077428545,0.0,0.0,0.0,93.38624338624338,200,0.0
